NAME,ISO2C,CODE,gtrends_R,gtrends_CRAN,gtrends_ggplot,gtrends_R_graphics,gtrends_R_books,meetup_n,meetup_members,user_2004,user_2006,user_2008,user_2009,user_2010,user_2011,user_2012,user_2013,user_2014,user_all,rfoundation_Benefactors,rfoundation_Donors,rfoundation_Supporting.Institutions,rfoundation_Supporting.Members,rfoundation_Ordinary.Members,CRAN_all,CRAN_ggplot2,CRAN_devtools,CRAN_knitr,CRAN_RODBC,CRAN_Rcmdr,github,R.bloggers,land,water,land_total,population,latitude,longitude,default,score_user,score_search,score_meetup,score_rfoundation,score_programmers,score_rbloggers,score_cran,score,rank,user_2015
Afghanistan,af,4,53,0,0,0,0,0,0,0,0,0,0,0,0,0,0,0,0,0,0,0,0,0,393,4,3,1,1,1,0,114,652230,0,652230,30419928,33.93911,67.709953,100,0,10.6,0,0,0,0.00374754338669046,0.0129191627278013,-0.255724281835866,212,0
Aland Islands,ax,248,0,0,0,0,0,0,0,0,0,0,0,0,0,0,0,0,0,0,0,0,0,0,17,1,0,0,0,0,0,29,13517,0,0,28007,60.1785247,19.9156105,100,0,0,0,0,0,1.03545542185882,0.606991109365516,-0.153503519880199,61,0
Albania,al,8,54,0,0,0,0,0,0,0,0,0,0,0,0,0,0,0,0,0,0,0,0,0,2195,14,8,7,14,9,0,689,27398,1350,28748,3002859,41.153332,20.168331,100,0,10.8,0,0,0,0.229448002720074,0.730970052206913,-0.233361994288296,111,0
Algeria,dz,12,73,15,0,0,0,0,0,0,0,0,0,0,0,0,0,0,0,0,0,0,0,0,3468,22,13,17,24,31,0,1739,2381741,0,2381741,35406303,28.033886,1.659626,100,0,17.6,0,0,0,0.0491155487202377,0.097948661852665,-0.251229250137004,159,0
American Samoa,as,16,0,0,0,0,0,0,0,0,0,0,0,0,0,0,0,0,0,0,0,0,0,0,21,0,0,0,0,0,0,0,199,0,199,68061,-14.306407,-170.6950175,100,0,0,0,0,0,0,0.308546744831842,-0.256095548364907,227,0
Andorra,ad,20,0,0,0,0,0,0,0,0,0,0,0,0,0,0,0,0,0,0,0,0,0,0,848,4,0,3,3,3,0,251,468,0,468,85082,42.506285,1.521801,100,0,0,0,0,0,2.95009520227545,9.96685550410193,0.0361984285428485,39,0
Angola,ao,24,64,0,0,0,0,0,0,0,0,0,0,0,0,0,0,0,0,0,0,0,0,0,177,1,0,2,1,1,0,61,1246700,0,1246700,18056072,-11.202692,17.873887,100,0,12.8,0,0,0,0.00337836490683023,0.00980279653293363,-0.255760860094291,214,0
Anguilla,ai,660,0,0,0,0,0,0,0,0,0,0,0,0,0,0,0,0,0,0,0,0,0,0,2,0,0,0,0,0,0,9,91,0,91,15423,18.220554,-63.068615,100,0,0,0,0,0,0.583544057576347,0.129676457239188,-0.198278550449437,79,0
Antarctica,aq,10,0,0,0,0,0,0,0,0,0,0,0,0,0,0,0,0,0,0,0,0,0,0,0,0,0,0,0,0,1,3,14000000,0,14000000,2500,-82.8627519,-135,100,0,0,0,0,1,1.2,0,-0.137200666492601,59,0
Antigua And Barbuda,ag,28,0,0,0,0,0,0,0,0,0,0,0,0,0,0,0,0,0,0,0,0,0,0,21,0,0,0,0,0,0,51,443,0,0,89018,17.060816,-61.796428,100,0,0,0,0,0,0.572917836841987,0.235907344581995,-0.199331373650858,80,0
Argentina,ar,32,46,5,0,0,0,0,0,0,0,1,0,0,0,0,0,0,1,0,0,0,0,0,99761,673,118,325,335,417,2,14387,2736690,43710,2780400,42192494,-38.416097,-63.616672,100,2.37008980791702e-05,10.2,0,0,2,0.340984820665022,2.3644252932761,-0.219875626584842,100,0
Armenia,am,51,83,0,0,0,0,0,0,0,0,0,0,0,0,0,0,0,0,0,0,0,0,0,2268,11,3,7,11,10,0,488,28203,1540,29743,2970495,40.069099,45.038189,100,0,16.6,0,0,0,0.164282383912446,0.763509112117677,-0.239818541120912,127,0
Aruba,aw,533,0,0,0,0,0,0,0,0,0,0,0,0,0,0,0,0,0,0,0,0,0,0,32,0,0,0,1,1,0,13,180,0,180,107635,12.52111,-69.968338,100,0,0,0,0,0,0.120778557160775,0.297301063780369,-0.244128919000631,136,0
Australia,au,36,56,11,80,12,43,8,2008,2,3,4,4,2,8,2,6,2,31,1,2,0,9,1,391221,6458,1306,2214,1416,850,19,119195,7682300,58920,7741220,22015576,-25.274398,133.775136,100,0.00149893875136403,40.4,0.0912081519011812,0.00059049102326462,19,5.41412134754049,17.7701914317391,1.99152129972396,7,14
Austria,at,40,56,33,0,0,0,1,79,35,50,15,19,7,12,1,14,2,120,0,1,3,4,2,163208,2019,369,774,497,515,9,32510,82445,1426,83871,8219743,47.516231,14.550072,100,0.0188570372577342,17.8,0.00961100608620002,0.00121658304888608,9,3.95511149192864,19.8556086242599,3.08562356359885,3,10
Azerbaijan,az,31,73,0,0,0,0,0,0,0,0,0,0,0,0,0,0,0,0,0,0,0,0,0,1514,10,3,84,11,14,0,1092,82629,3971,86600,9493600,40.143105,47.576927,100,0,14.6,0,0,0,0.115024858852279,0.159475857419735,-0.244699007360349,137,0
Bahamas,bs,44,50,0,0,0,0,0,0,0,0,0,0,0,0,0,0,0,0,0,0,0,0,0,382,6,0,1,4,0,0,116,10010,3870,13880,316182,25.03428,-77.39628,100,0,10,0,0,0,0.366877304843413,1.208164917674,-0.219745563464263,99,0
Bahrain,bh,48,40,0,0,0,0,0,0,0,0,0,0,0,0,0,0,0,0,0,0,0,0,0,1032,3,3,1,1,1,0,180,760,0,760,1248348,26.0667,50.5577,100,0,8,0,0,0,0.144190562247066,0.826692556883177,-0.241809212888563,133,0
Bangladesh,bd,50,87,0,0,0,0,0,0,0,0,0,0,0,0,0,1,0,1,0,0,0,0,0,11469,79,19,27,48,42,0,2561,130168,13830,143998,161083804,23.684994,90.356331,100,6.20794875194281e-06,17.4,0,0,0,0.0158985567537255,0.0711989642360321,-0.253882514704793,181,0
Barbados,bb,52,61,0,0,0,0,0,0,0,0,0,0,0,0,0,0,0,0,0,0,0,0,0,748,5,0,3,8,7,0,372,430,0,430,287733,13.193887,-59.543198,100,0,12.2,0,0,0,1.29286526050192,2.59963229799849,-0.127999337344355,56,0
Belarus,by,112,41,0,0,0,0,0,0,0,0,0,0,0,0,0,0,0,0,0,0,0,0,0,14020,105,74,49,39,26,0,1855,202900,4700,207600,9542883,53.709807,27.953389,100,0,8.2,0,0,0,0.19438570084114,1.46915769584517,-0.236835843973196,121,0
Belgium,be,56,54,24,0,0,0,2,230,7,7,8,17,5,14,2,13,4,70,2,1,0,3,0,170116,2085,273,736,514,452,4,44587,30278,250,30528,10438353,50.503887,4.469936,100,0.00737664265617382,15.6,0.0220341274145452,0.000574803323857701,4,4.27145930014055,16.2972070402294,1.61878832535153,13,23
Belize,bz,84,0,0,0,0,0,0,0,0,0,0,0,0,0,0,0,0,0,0,0,0,0,0,299,11,1,4,0,0,0,73,22806,160,22966,327719,17.189877,-88.49765,100,0,0,0,0,0,0.222751808714173,0.912366997336132,-0.234025424647247,112,0
Benin,bj,204,0,0,0,0,0,0,0,0,0,0,0,0,0,0,0,0,0,0,0,0,0,0,7720,57,4,12,10,25,0,245,110622,2000,112622,9598787,9.30769,2.315834,100,0,0,0,0,0,0.025524058404463,0.80426828931614,-0.253566586090206,178,0
Bermuda,bm,60,0,0,0,0,0,0,0,0,0,0,0,0,0,0,0,0,0,0,0,0,0,0,1247,29,7,21,18,0,0,321,54,0,54,69080,32.3078,-64.7505,100,0,0,0,0,0,4.64678633468442,18.0515344528083,0.20430606274957,31,0
Bhutan,bt,64,0,0,0,0,0,0,0,0,0,0,0,0,0,0,0,0,0,0,0,0,0,0,250,4,0,0,0,0,0,101,38394,0,38394,716896,27.514162,90.433601,100,0,0,0,0,0,0.14088514931036,0.348725617104852,-0.242136769559936,134,0
Bolivia,bo,68,40,0,0,0,0,0,0,0,0,0,0,0,0,0,0,0,0,0,0,0,0,0,28794,45,7,13,25,26,0,730,1083301,15280,1098581,10290003,-16.290154,-63.588653,100,0,8,0,0,0,0.0709426420964114,2.79824991304667,-0.249066306167046,149,0
Bosnia And Herzegovina,ba,70,48,0,0,0,0,0,0,0,0,0,0,0,0,0,0,0,0,0,0,0,0,0,2961,32,5,19,12,15,0,957,51187,10,51197,4622292,43.915886,17.679076,100,0,9.6,0,0,0,0.207040143720907,0.640591291073779,-0.235582156013186,117,0
Botswana,bw,72,0,0,0,0,0,0,0,0,0,0,0,0,0,0,0,0,0,0,0,0,0,0,331,4,0,2,2,1,0,232,566730,15000,581730,2098018,-22.328474,24.684866,100,0,0,0,0,0,0.110580557459469,0.157767950513294,-0.245139344955129,138,0
Bouvet Island,bv,74,0,0,0,0,0,0,0,0,0,0,0,0,0,0,0,0,0,0,0,0,0,0,0,0,0,0,0,0,0,0,49,0,49,0,-54.4207915,3.3464497,100,NA,0,0,0,0,0,0,NA,248,0
Brazil,br,76,71,4,0,10,0,0,0,0,1,1,2,2,2,0,0,3,11,0,0,0,1,0,493416,3723,716,1604,1572,1459,12,80060,8459417,55460,8514877,205716890,-14.235004,-51.92528,100,5.34715452873121e-05,17,0,4.86104957157383e-06,12,0.389175628700201,2.39851963540767,-0.208470039433716,88,2
British Indian Ocean Territory,io,86,0,0,0,0,0,0,0,0,0,0,0,0,0,0,0,0,0,0,0,0,0,0,0,0,0,0,0,0,0,0,60,54340,54400,4000,-7.3347556,72.4242325,100,0,0,0,0,0,0,0,-0.256095586666081,238,0
Brunei Darussalam,bn,96,41,0,0,0,0,0,0,0,0,0,0,0,0,0,0,0,0,0,0,0,0,0,459,11,2,2,0,0,0,191,5265,500,5765,408786,4.535277,114.727669,100,0,8.2,0,0,0,0.467237136301145,1.12283688776034,-0.209802012264889,92,0
Bulgaria,bg,100,44,0,0,0,0,0,0,0,0,0,0,0,0,0,0,1,1,0,0,0,0,0,19819,172,36,90,72,48,0,4530,108489,2390,110879,7037935,42.733883,25.48583,100,0.000142087132092013,8.8,0,0,0,0.643654708376818,2.8160248709316,-0.177723474000307,65,0
Burkina Faso,bf,854,0,0,0,0,0,0,0,0,0,0,0,0,0,0,0,0,0,0,0,0,0,0,11212,44,14,39,48,59,0,544,273800,400,274200,17275115,12.238333,-1.561593,100,0,0,0,0,0,0.0314903837109044,0.649026070159301,-0.252975467218528,175,0
Burundi,bi,108,0,0,0,0,0,0,0,0,0,0,0,0,0,0,0,0,0,0,0,0,0,0,28,0,0,0,0,0,0,19,25680,2150,27830,10557259,-3.373056,29.918886,100,0,0,0,0,0,0.00179970956476487,0.00265220356912718,-0.255917272732654,221,0
Cambodia,kh,116,67,0,0,0,0,0,0,0,0,0,0,0,0,0,0,0,0,0,0,0,0,0,1395,16,0,0,28,60,0,319,176515,4520,181035,14952665,12.565679,104.990963,100,0,13.4,0,0,0,0.0213339896265983,0.0932944060473501,-0.253981822590367,184,0
Cameroon,cm,120,87,0,0,0,0,0,0,0,0,0,0,0,0,0,0,0,0,0,0,0,0,0,44152,35,4,26,35,63,0,368,472710,2730,475440,20129878,7.369722,12.354722,100,0,17.4,0,0,0,0.0182812831751886,2.19335656182318,-0.254284021309244,189,0
Canada,ca,124,64,15,64,14,40,9,2391,2,9,8,6,6,5,8,3,12,57,0,2,3,13,2,513771,8278,1537,3619,1867,1667,26,180909,9093507,891163,9984670,34300083,56.130366,-106.346771,100,0.00172011245570455,39.4,0.0697082861286371,0.000583088968035442,26,5.27430210591619,14.9787101098268,1.73017340869081,11,6
Cape Verde,cv,132,0,0,0,0,0,0,0,0,0,0,0,0,0,0,0,0,0,0,0,0,0,0,681,3,0,1,1,6,0,51,4033,0,4033,523568,15.120142,-23.6051721,100,0,0,0,0,0,0.0974085505607677,1.30069064572319,-0.246444273670066,142,0
Cayman Islands,ky,136,0,0,0,0,0,0,0,0,0,0,0,0,0,0,0,0,0,0,0,0,0,0,132,5,0,1,1,0,0,36,264,0,264,52560,19.3133,-81.2546,100,0,0,0,0,0,0.684931506849315,2.51141552511416,-0.188232877554474,71,0
Central African Republic,cf,140,0,0,0,0,0,0,0,0,0,0,0,0,0,0,0,0,0,0,0,0,0,0,0,0,0,0,0,0,0,0,622984,0,622984,5057208,6.611111,20.939444,100,0,0,0,0,0,0,0,-0.256095586666081,238,0
Chad,td,148,0,0,0,0,0,0,0,0,0,0,0,0,0,0,0,0,0,0,0,0,0,0,0,0,0,0,0,0,0,3,1284000,0,0,10975648,15.454166,18.732207,100,0,0,0,0,0,0.000273332380921837,0,-0.256068505139739,226,0
Chile,cl,152,54,10,0,0,0,1,71,0,1,0,0,0,0,0,0,0,1,0,0,0,0,0,64636,745,199,344,270,297,1,15111,743812,12290,756102,17067369,-35.675147,-71.542969,100,5.85913388290837e-05,12.8,0.00415998505686494,0,1,0.885373721046284,3.78710977655666,-0.111120993496234,52,0
China,cn,156,60,3,0,9,0,0,0,0,0,1,0,1,1,0,0,0,3,0,0,0,0,0,939436,8476,1166,4202,4179,2204,19,48305,9569901,27060,9596961,1343239923,35.86166,104.195397,100,2.23340592297151e-06,14.4,0,0,19,0.0359615577030463,0.699380642217556,-0.252302985200061,172,0
Christmas Island,cx,162,0,0,0,0,0,0,0,0,0,0,0,0,0,0,0,0,0,0,0,0,0,0,0,0,0,0,0,0,0,0,135,0,135,1496,-10.447525,105.690449,100,0,0,0,0,0,0,0,-0.256095586666081,238,0
Cocos (Keeling) Islands,cc,166,0,0,0,0,0,0,0,0,0,0,0,0,0,0,0,0,0,0,0,0,0,0,0,0,0,0,0,0,0,0,14,0,14,596,-12.1708739,96.8417392,100,0,0,0,0,0,0,0,-0.256095586666081,238,0
Colombia,co,170,54,14,0,15,0,1,93,0,0,0,0,0,0,0,0,0,0,0,0,0,0,0,180503,1143,227,527,688,663,0,15026,1038700,100210,1138910,45239079,4.570868,-74.297333,100,0,16.6,0.00205574476880929,0,0,0.332146461248692,3.98997954843422,-0.197868938352231,78,2
Comoros,km,174,0,0,0,0,0,0,0,0,0,0,0,0,0,0,0,0,0,0,0,0,0,0,32,0,0,1,0,1,0,1,2235,0,2235,737284,-11.6455,43.3333,100,0,0,0,0,0,0.00135632944699736,0.0434025423039155,-0.255961197377237,222,0
Congo Democratic Republic,cd,180,69,0,0,0,0,0,0,0,0,0,0,0,0,0,0,0,0,0,0,0,0,0,107,0,1,3,2,1,0,0,2267048,77810,2344858,73599190,38.9054485,-77.0393167,100,0,13.8,0,0,0,0,0.00145382034775111,-0.256095586485612,228,0
Congo Republic,cg,178,0,0,0,0,0,0,0,0,0,0,0,0,0,0,0,0,0,0,0,0,0,0,38,0,0,0,0,0,0,98,341500,500,342000,4125916,8.9887752,38.778213,100,0,0,0,0,0,0.0237523013071522,0.009210076017059,-0.253742228882921,180,0
Cook Islands,ck,184,0,0,0,0,0,0,0,0,0,0,0,0,0,0,0,0,0,0,0,0,0,0,0,0,0,0,0,0,0,3,236,0,236,10777,-21.236736,-159.777671,100,0,0,0,0,0,0.278370604064211,0,-0.2285148777087,106,0
Costa Rica,cr,188,46,0,0,0,0,0,0,0,0,0,0,0,0,0,0,0,0,0,0,0,0,0,48920,417,33,305,394,541,0,2295,51060,40,51100,4636348,9.748917,-83.753428,100,0,9.2,0,0,0,0.495001669417395,10.5514081341608,-0.207049956900556,87,0
Cote D'Ivoire,ci,384,76,0,0,0,0,0,0,0,0,0,0,0,0,0,0,0,0,0,0,0,0,0,3988,9,1,0,8,9,0,136,318003,4460,322463,21952093,7.539989,-5.54708,100,0,15.2,0,0,0,0.00619530903044188,0.181668326569134,-0.255481738470992,205,0
Croatia,hr,191,43,0,0,0,0,0,0,0,0,0,1,0,0,0,0,0,1,0,0,0,1,0,22597,197,21,73,96,82,0,5365,55974,620,56594,4480043,45.1,15.2,100,0.000223212143276303,8.6,0,0.000223212143276303,0,1.19753314867737,5.04392480161463,0.0495124448506206,38,0
Cuba,cu,192,0,0,0,0,0,0,0,0,0,0,0,0,0,0,0,0,0,0,0,0,0,0,459,4,0,1,0,9,0,224,109820,1040,110860,11075244,21.521757,-77.781167,100,0,0,0,0,0,0.0202252880388008,0.0414437821866498,-0.254091678182445,187,0
Curacao,cw,531,0,0,0,0,0,0,0,0,0,0,0,0,0,0,0,0,0,0,0,0,0,0,244,5,6,2,3,1,0,37,444,0,444,142180,12.16957,-68.99002,100,0,0,0,0,0,0.260233506822338,1.71613447742298,-0.230311671951844,109,0
Cyprus,cy,196,46,0,0,0,0,0,0,0,0,1,0,0,0,0,0,0,1,0,0,0,0,0,5898,47,4,25,32,36,0,2310,9241,10,9251,1138071,35.126413,33.429859,100,0.000878679801172335,9.2,0,0,0,2.02975034070809,5.18245346731443,0.0352926521719147,40,5
Czech Republic,cz,203,56,0,0,0,0,0,0,3,11,4,2,0,3,0,2,0,22,0,0,0,2,0,139536,1236,186,429,513,484,1,20264,77247,1620,78867,10177300,49.817492,15.472962,100,0.00245644719129828,11.2,0,0.000196515775303863,1,1.99109783537873,13.7105126113999,0.337980274995604,27,6
Denmark,dk,208,62,21,0,0,0,1,107,4,6,4,6,0,9,3,8,5,41,1,1,0,1,1,145082,2289,430,1099,665,758,5,34864,42434,660,43094,5543453,56.26392,9.501785,100,0.00811768404999555,16.6,0.0193020487411005,0.00072157191555516,5,6.28922081597878,26.1717741631434,1.96905029608339,9,89
Djibouti,dj,262,0,0,0,0,0,0,0,0,0,0,0,0,0,0,0,0,0,0,0,0,0,0,135,2,1,1,3,1,0,117,23180,20,23200,774389,11.825138,42.590275,100,0,0,0,0,0,0.151086856863928,0.174330988689147,-0.241126015203911,132,0
Dominica,dm,212,0,0,0,0,0,0,0,0,0,0,0,0,0,0,0,0,0,0,0,0,0,0,0,0,0,0,0,0,0,58,751,0,751,73126,15.414999,-61.370976,100,0,0,0,0,0,0.793151546645516,0,-0.177510845146172,64,0
Dominican Republic,do,214,52,0,0,0,0,0,0,0,0,0,0,0,0,0,0,0,0,0,0,0,0,0,2834,13,4,9,25,19,0,485,48320,350,48670,10088598,18.735693,-70.162651,100,0,10.4,0,0,0,0.0480740733251538,0.280911183099971,-0.251332415870083,161,0
Ecuador,ec,218,47,0,0,0,0,0,0,0,0,0,0,0,0,0,0,1,1,0,0,0,0,0,47315,306,34,116,271,264,1,3671,276841,6720,283561,15223680,-1.831239,-78.183406,100,6.56871400344726e-05,9.4,0,0,1,0.241137491066549,3.10798703073107,-0.225454355313246,102,0
Egypt,eg,818,43,0,0,24,0,0,0,0,1,0,0,0,0,0,0,0,1,0,0,0,0,0,27381,106,27,22,36,27,0,2704,995450,6000,1001450,83688164,26.820553,30.802498,100,1.19491210250472e-05,13.4,0,0,0,0.0323104232517277,0.327178882786818,-0.251666521444952,164,0
El Salvador,sv,222,41,0,0,0,0,0,0,0,0,0,0,0,0,0,0,0,0,0,0,0,0,0,17869,52,18,38,51,54,0,427,20721,320,21041,6090646,13.794185,-88.89653,100,0,8.2,0,0,0,0.0701075058376402,2.93384314241872,-0.249149033884319,150,0
Equatorial Guinea,gq,226,0,0,0,0,0,0,0,0,0,0,0,0,0,0,0,0,0,0,0,0,0,0,732,1,0,1,0,2,0,2,28051,0,28051,685991,1.650801,10.267895,100,0,0,0,0,0,0.00291549014491444,1.06706939303868,-0.25580659006634,218,0
Eritrea,er,232,0,0,0,0,0,0,0,0,0,0,0,0,0,0,0,0,0,0,0,0,0,0,0,0,0,0,0,0,0,0,101000,16600,117600,6086495,15.179384,39.782334,100,0,0,0,0,0,0,0,-0.256095586666081,238,0
Estonia,ee,233,77,0,0,0,0,0,0,0,0,0,0,0,0,0,1,0,1,0,1,0,0,0,29662,482,69,129,157,134,0,9558,42388,2840,45228,1274709,58.595272,25.013607,100,0.000784492774429301,15.4,0,0.000784492774429301,0,7.49818193799526,23.2696246751219,1.14389191342515,20,0
Ethiopia,et,231,76,0,0,0,0,0,0,0,0,0,0,0,0,0,0,0,0,0,0,0,0,0,4248,46,5,9,15,28,0,1219,1000000,104300,1104300,93815992,9.145,40.489673,100,0,15.2,0,0,0,0.0129935203371297,0.0452801266547392,-0.25480819474256,199,0
Falkland Islands (Malvinas),fk,238,0,0,0,0,0,0,0,0,0,0,0,0,0,0,0,0,0,0,0,0,0,0,105,0,0,1,3,0,0,4,12173,0,12173,3140,-51.796253,-59.523613,100,0,0,0,0,0,1.27388535031847,33.4394904458599,-0.129876021488007,57,0
Faroe Islands,fo,234,0,0,0,0,0,0,0,0,0,0,0,0,0,0,0,0,0,0,0,0,0,0,902,21,1,5,8,0,0,598,1393,0,1393,49483,61.892635,-6.911806,100,0,0,0,0,0,12.0849584705859,18.2284825091446,0.941273486660367,22,2
Fiji,fj,242,0,0,0,0,0,0,0,0,0,0,0,0,0,0,0,0,0,0,0,0,0,0,715,24,1,4,4,5,0,167,18274,0,18274,890057,-17.713371,178.065032,100,0,0,0,0,0,0.187628432785765,0.803319337974984,-0.237505430664806,122,0
Finland,fi,246,55,30,0,0,0,0,0,3,6,3,0,1,0,0,3,2,15,0,0,1,3,0,176756,1244,326,460,244,279,3,31117,303815,34330,338145,5262930,61.92411,25.748151,100,0.0034201480924124,17,0,0.000760032909424978,3,5.91248601064426,33.5850942345804,1.23961588832426,18,10
France,fr,250,68,67,31,5,0,3,308,8,9,15,165,9,16,1,11,8,234,1,5,0,8,1,622428,5842,1394,2671,2638,3010,11,141744,640427,3374,643801,65630692,46.227638,2.213749,100,0.00368729922884251,34.2,0.0046929262912541,0.000228551605093544,11,2.15972124749195,9.48379456367762,0.562489449136958,24,15
French Guiana,gf,254,0,0,0,0,0,0,0,0,0,0,0,0,0,0,0,0,0,0,0,0,0,0,420,2,0,2,3,3,0,173,83534,0,0,217000,3.933889,-53.125782,100,0,0,0,0,0,0.797235023041475,1.93548387096774,-0.177106017719843,63,0
French Polynesia,pf,258,0,0,0,0,0,0,0,0,0,0,0,0,0,0,0,0,0,0,0,0,0,0,1080,34,1,10,9,30,0,113,3827,340,4167,274512,-17.679742,-149.406843,100,0,0,0,0,0,0.411639564026345,3.93425424025179,-0.215310220703325,95,0
French Southern Territories,tf,260,0,0,0,0,0,0,0,0,0,0,0,0,0,0,0,0,0,0,0,0,0,0,0,0,0,0,0,0,0,0,55,0,0,140,-49.280366,69.348557,100,0,0,0,0,0,0,0,-0.256095586666081,238,0
Gabon,ga,266,0,0,0,0,0,0,0,0,0,0,0,0,0,0,0,0,0,0,0,0,0,0,1755,4,0,1,3,4,0,63,257667,10000,267667,1608321,-0.803689,11.609444,100,0,0,0,0,0,0.0391712848367956,1.09120007759645,-0.252214395557801,170,0
Gambia,gm,270,0,0,0,0,0,0,0,0,0,0,0,0,0,0,0,0,0,0,0,0,0,0,317,6,0,0,2,3,0,62,10000,1295,11295,1840454,13.443182,-15.310139,100,0,0,0,0,0,0.0336873401888882,0.172240110320606,-0.25275785393303,173,0
Georgia,ge,268,70,0,0,0,0,0,0,0,0,0,0,0,0,0,0,0,0,0,0,0,0,0,552,10,5,1,2,2,0,311,69700,0,69700,4570934,32.1656221,-82.9000751,100,0,14,0,0,0,0.0680386109272197,0.120763065054101,-0.249354367329511,153,0
Germany,de,276,64,31,72,11,3,6,508,37,70,178,55,15,49,14,24,10,415,3,4,5,42,1,1461057,15624,2849,6008,4158,3586,27,255757,348672,8350,357022,81305856,51.165691,10.451526,100,0.00555925516607315,36.2,0.00624801244328576,0.000676458040119521,27,3.14561598121542,17.9698864495074,1.20079571439895,19,79
Ghana,gh,288,65,0,0,0,0,0,0,0,0,0,0,0,0,0,0,0,0,0,0,0,0,0,11729,63,8,27,22,31,0,1238,227533,11000,238533,25241998,7.946527,-1.023194,100,0,13,0,0,0,0.0490452459428925,0.46466210796784,-0.251236170151276,160,0
Gibraltar,gi,292,0,0,0,0,0,0,0,0,0,0,0,0,0,0,0,0,0,0,0,0,0,0,421,4,1,1,3,3,0,113,7,0,0,29034,36.140751,-5.353585,100,0,0,0,0,0,3.89198870290005,14.5002410966453,0.129520951764507,34,0
Greece,gr,300,45,0,0,0,0,0,0,0,0,0,0,0,0,0,0,0,0,0,1,0,0,0,93349,491,221,268,185,163,1,14891,130647,1310,131957,10767827,39.074208,21.824312,100,0,9,0,9.28692483636671e-05,1,1.38291597738337,8.66925146549996,-0.0508335256980023,44,2
Greenland,gl,304,0,0,0,0,0,0,0,0,0,0,0,0,0,0,0,0,0,0,0,0,0,0,161,1,0,0,2,0,0,41,2166086,0,2166086,57695,71.706936,-42.604303,100,0,0,0,0,0,0.710633503769824,2.79053644163272,-0.185686312179246,68,0
Grenada,gd,308,0,0,0,0,0,0,0,0,0,0,0,0,0,0,0,0,0,0,0,0,0,0,71,1,0,0,0,0,0,18,344,0,344,109011,12.1165,-61.679,100,0,0,0,0,0,0.165120951096678,0.651310418214676,-0.239735470566572,126,0
Guadeloupe,gp,312,59,0,0,0,0,0,0,0,0,0,0,0,0,0,0,0,0,0,0,0,0,0,755,5,0,0,6,5,0,117,1628,0,0,405500,16.265,-61.551,100,0,11.8,0,0,0,0.288532675709001,1.86189889025894,-0.227507797669379,104,0
Guam,gu,316,0,0,0,0,0,0,0,0,0,0,0,0,0,0,0,0,0,0,0,0,0,0,1431,12,0,4,5,7,0,268,544,0,544,183286,13.444304,144.793731,100,0,0,0,0,0,1.46219569416104,7.80747029233002,-0.111221583880018,53,0
Guatemala,gt,320,43,0,0,0,0,0,0,0,0,0,0,0,0,0,0,0,0,0,0,0,0,0,6745,54,25,63,65,54,0,635,107159,1730,108889,14099032,15.783471,-90.230759,100,0,8.6,0,0,0,0.0450385530013692,0.478401637786197,-0.251633147976933,163,0
Guernsey,gg,831,0,0,0,0,0,0,0,0,0,0,0,0,0,0,0,0,0,0,0,0,0,0,127,1,0,1,1,1,0,34,78,0,78,64775,49.465691,-2.585278,100,0,0,0,0,0,0.524893863373215,1.96063296024701,-0.204089331630243,84,0
Guinea,gn,324,0,0,0,0,0,0,0,0,0,0,0,0,0,0,0,0,0,0,0,0,0,0,25,1,0,1,0,0,0,27,245717,140,245857,10884958,9.945587,-9.696645,100,0,0,0,0,0,0.00248048729264734,0.00229674749319198,-0.255849821932101,220,0
Guinea-Bissau,gw,624,0,0,0,0,0,0,0,0,0,0,0,0,0,0,0,0,0,0,0,0,0,0,0,0,0,0,0,0,0,0,28120,8005,36125,1628603,11.803749,-15.180413,100,0,0,0,0,0,0,0,-0.256095586666081,238,0
Guyana,gy,328,0,0,0,0,0,0,0,0,0,0,0,0,0,0,0,0,0,0,0,0,0,0,3,0,0,0,0,0,0,32,196849,18120,214969,741908,4.860416,-58.93018,100,0,0,0,0,0,0.0431320325431186,0.00404362805091736,-0.251822103192351,165,0
Haiti,ht,332,70,0,0,0,0,0,0,0,0,0,0,0,0,0,0,2,2,0,0,0,0,0,3508,3,1,4,13,17,0,88,27560,190,27750,9801664,18.971187,-72.285215,100,0.000204046986307631,14,0,0,0,0.00897806739753577,0.357898413983585,-0.234240777314672,113,0
Heard Island And Mcdonald Islands,hm,334,0,0,0,0,0,0,0,0,0,0,0,0,0,0,0,0,0,0,0,0,0,0,0,0,0,0,0,0,0,0,412,0,412,0,-53.08181,73.504158,100,NA,0,0,0,0,0,0,NA,249,0
Holy See (Vatican City State),va,336,0,0,0,0,0,0,0,0,0,0,0,0,0,0,0,0,0,0,0,0,0,0,0,0,0,0,0,0,0,0,1,0,0,836,41.9023868,12.4512362,100,0,0,0,0,0,0,0,-0.256095586666081,238,0
Honduras,hn,340,46,0,0,0,0,0,0,0,0,0,0,0,0,0,0,0,0,0,0,0,0,0,1795,11,1,6,3,4,0,118,111890,200,112090,8296693,15.199999,-86.241905,100,0,9.2,0,0,0,0.014222534207304,0.216351261882295,-0.254686403918476,197,0
Hong Kong,hk,344,62,0,0,0,0,0,0,0,1,0,0,0,0,0,0,0,1,0,0,0,1,0,138022,977,193,306,312,246,1,22578,1054,50,1104,7153519,22.396428,114.109497,100,0.000139791339059839,12.4,0,0.000139791339059839,1,3.15620885329304,19.2942801997171,0.17370686459008,33,0
Hungary,hu,348,42,7,0,23,0,1,147,1,2,3,2,0,0,1,1,3,12,0,0,0,1,0,88055,545,154,295,192,190,1,12221,89608,3420,93028,9958453,47.162494,19.503304,100,0.00130542364361212,14.4,0.0147613288931524,0.000100417203354778,1,1.22719864219874,8.84223684140498,0.25520515046343,28,4
Iceland,is,352,100,0,0,0,0,0,0,1,0,0,0,0,1,0,0,0,1,0,0,0,0,0,18636,501,35,108,126,82,0,3426,100250,2750,103000,313183,64.963051,-19.020835,100,0.00638604266515105,20,0,0,0,10.9392910854037,59.5051455538774,1.48391396758766,15,0
India,in,356,100,5,0,45,100,6,670,0,0,1,0,0,0,0,0,0,1,0,0,0,0,0,805070,6528,1151,2074,2845,1913,6,162286,2973193,314070,3287263,1205073612,20.593684,78.96288,100,8.29824825672143e-07,50,0.000555982633200336,0,6,0.134668951659029,0.668067072403872,-0.235820198008382,119,2
Indonesia,id,360,52,4,0,14,0,0,0,0,0,0,0,1,0,0,0,0,1,0,0,0,0,0,34578,173,45,117,169,205,0,9363,1811569,93000,1904569,248216193,-0.789275,113.921327,100,4.0287460214169e-06,14,0,0,0,0.0377211489985265,0.139305979928554,-0.251944250101797,167,0
Iran,ir,364,56,0,0,0,0,1,253,1,0,1,0,0,1,0,1,0,3,0,0,0,0,0,43430,257,35,89,129,73,0,7525,1531595,116600,1648195,78868711,32.427908,53.688046,100,5.07171975969025e-05,11.2,0.00320786274800409,0,0,0.0954117279791729,0.550661972908369,-0.201924958980665,82,1
Iraq,iq,368,55,0,0,0,0,0,0,0,0,0,0,0,0,0,0,0,0,0,0,0,0,0,742,10,8,14,7,12,0,688,437367,950,438317,31129225,33.223191,43.679291,100,0,11,0,0,0,0.0221014175585804,0.0238361218437015,-0.253905795143582,182,0
Ireland,ie,372,57,13,0,0,0,2,767,0,0,1,3,2,8,0,4,0,18,1,0,0,1,0,77271,1311,233,371,241,100,2,25443,68883,1390,70273,4722028,53.41291,-8.24389,100,0.00381192148797085,14,0.162430210070758,0.000423546831996761,2,5.38815102324679,16.3639436276108,2.98105517759633,4,6
Isle Of Man,im,833,0,0,0,0,0,0,0,0,0,0,0,0,0,0,0,0,0,0,0,0,0,0,235,2,1,1,3,1,0,52,572,0,572,85421,54.236107,-4.548056,100,0,0,0,0,0,0.608749604898093,2.75107994521254,-0.195780882096574,77,0
Israel,il,376,42,0,0,0,0,0,0,0,0,0,1,1,2,1,1,1,7,0,0,0,0,0,91221,1001,184,269,394,129,1,18856,20330,440,20770,7590758,31.046051,34.851612,100,0.000922174043751625,8.4,0,0,1,2.48407339556866,12.0173769207239,0.0847763252250568,36,1
Italy,it,380,52,9,0,6,0,1,2,7,14,9,13,6,8,2,12,2,66,2,6,1,7,1,364697,2784,583,1344,1153,1045,8,80428,294140,7200,301340,61261254,41.87194,12.56738,100,0.00119161778830058,13.4,3.26470626931666e-05,0.000277500032891916,8,1.312868979143,5.95314291150488,0.200735070313317,32,14
Jamaica,jm,388,57,0,0,0,0,0,0,0,0,0,0,0,0,0,0,0,0,0,0,0,0,0,2020,27,1,9,6,5,0,505,10831,160,10991,2889187,18.109581,-77.297508,100,0,11.4,0,0,0,0.174789655359795,0.69915862143918,-0.238777498109025,125,0
Japan,jp,392,49,4,0,5,0,0,0,2,7,6,2,2,2,0,4,10,33,0,3,1,3,0,1626231,8293,1433,4069,3442,4114,7,80171,364485,13430,377915,127368088,36.204824,138.252924,100,0.000274794106982276,11.6,0,5.49588213964553e-05,7,0.629443381453602,12.7679627254827,-0.125109758816793,55,4
Jersey,je,832,0,0,0,0,0,0,0,0,0,0,0,0,0,0,0,0,0,0,0,0,0,0,263,2,0,1,6,2,0,128,116,0,116,94949,49.214439,-2.13125,100,0,0,0,0,0,1.34809213367176,2.7699080559037,-0.12252748730986,54,0
Jordan,jo,400,50,0,0,0,0,0,0,0,0,0,0,0,0,0,0,0,0,0,0,0,0,0,674,8,0,5,4,1,0,478,88802,540,89342,6508887,30.585164,36.238414,100,0,10,0,0,0,0.0734380547703471,0.103550729948146,-0.248819397428891,148,0
Kazakhstan,kz,398,37,0,0,0,0,0,0,0,0,0,0,0,0,0,0,0,0,0,0,0,0,0,4033,37,10,12,23,44,0,973,2699700,25200,2724900,17522010,48.019573,66.923684,100,0,7.4,0,0,0,0.055530158925831,0.230167657705937,-0.250593679917169,157,0
Kenya,ke,404,75,0,0,0,0,0,0,0,1,0,0,0,1,0,0,0,2,0,0,0,0,0,25397,361,68,106,153,113,0,5520,569140,11227,580367,43013341,-0.023559,37.906193,100,4.6497201879761e-05,15,0,0,0,0.12833227718814,0.590444718070145,-0.238603016460868,123,2
Kiribati,ki,296,0,0,0,0,0,0,0,0,0,0,0,0,0,0,0,0,0,0,0,0,0,0,0,0,0,0,0,0,0,1,811,0,811,101998,1.8709185,-157.3626011,100,0,0,0,0,0,0.00980411380615306,0,-0.255124203892452,202,0
Korea North,kp,408,0,0,0,0,0,0,0,0,0,0,0,0,0,0,0,1,1,0,0,0,0,0,0,0,0,0,0,0,0,4,120408,130,120538,24589122,35.907757,127.766922,100,4.06683898676821e-05,0,0,0,0,0.000162673559470729,0,-0.251900911993017,166,0
Korea South,kr,410,88,7,0,0,0,0,0,0,0,2,0,0,3,2,6,3,16,0,1,0,0,0,589131,5918,779,1470,2214,1192,2,55706,96920,2800,99720,48860500,35.907757,127.766922,100,0.000327462879012699,19,0,2.04664299382937e-05,2,1.14010294614259,12.0574083359769,-0.0944485672497085,51,8
Kuwait,kw,414,39,0,0,0,0,0,0,0,0,0,0,0,0,0,0,0,0,0,0,0,0,0,619,14,2,8,4,0,0,431,17818,0,17818,2646314,29.31166,47.481766,100,0,7.8,0,0,0,0.16286804967211,0.233910261594051,-0.239958737826027,128,0
Kyrgyzstan,kg,417,39,0,0,0,0,0,0,0,0,0,0,0,0,0,0,0,0,0,0,0,0,0,544,1,0,1,1,0,0,79,191801,8150,199951,5496737,41.20438,74.766098,100,0,7.8,0,0,0,0.0143721629759619,0.0989678058091555,-0.254671593406012,196,0
Lao People's Democratic Republic,la,418,0,0,0,0,0,0,0,0,0,0,0,0,0,0,0,0,0,0,0,0,0,0,164,3,0,1,2,3,0,137,230800,6000,236800,6586266,19.85627,102.495496,100,0,0,0,0,0,0.0208008604571999,0.0249003001093488,-0.254034653038773,186,0
Latvia,lv,428,60,0,0,0,0,0,0,0,0,0,0,0,1,0,1,0,2,0,0,0,0,0,17734,154,17,51,52,48,0,2971,62249,2340,64589,2191580,56.879635,24.603189,100,0.000912583615473768,12,0,0,0,1.35564296078628,8.0918789184059,-0.0280134223393804,43,1
Lebanon,lb,422,65,0,0,0,0,0,0,0,0,0,0,0,0,0,0,0,0,0,0,0,0,0,9813,23,4,11,7,5,0,853,10230,170,10400,4140289,33.854721,35.862285,100,0,13,0,0,0,0.206024265455866,2.37012440435921,-0.2356825936235,118,0
Lesotho,ls,426,0,0,0,0,0,0,0,0,0,0,0,0,0,0,0,0,0,0,0,0,0,0,39,0,0,0,0,0,0,25,30355,0,30355,1930493,-29.609988,28.233608,100,0,0,0,0,0,0.0129500599069771,0.0202020934548843,-0.254812503875911,200,0
Liberia,lr,430,0,0,0,0,0,0,0,0,0,0,0,0,0,0,0,0,0,0,0,0,0,0,86,3,0,0,0,0,0,11,96320,15049,111369,3887886,6.428055,-9.429499,100,0,0,0,0,0,0.00282930106489748,0.0221199901437439,-0.255815259316688,219,0
Libya,ly,434,44,0,0,0,0,0,0,0,0,0,0,0,0,0,0,0,0,0,0,0,0,0,181,0,0,4,2,3,0,109,1759540,0,1759540,6733620,26.3351,17.228331,100,0,8.8,0,0,0,0.0161874296440845,0.0268800437209109,-0.254491747366562,193,0
Liechtenstein,li,438,0,0,0,0,0,0,0,0,0,0,0,0,0,0,0,0,0,0,0,0,0,0,6381,17,2,4,4,2,0,420,160,0,160,36713,47.166,9.555373,100,0,0,0,0,0,11.4400893416501,173.807643069213,0.877399746334044,23,0
Lithuania,lt,440,45,0,0,0,0,0,0,0,0,0,0,0,0,0,0,0,0,0,0,0,0,0,49229,384,62,142,115,56,3,9348,62680,2620,65300,3525761,55.169438,23.881275,100,0,9,0,0,3,2.65134250449761,13.9626594088482,0.00659877609679464,41,0
Luxembourg,lu,442,52,0,0,0,0,0,0,1,0,2,2,0,0,0,0,0,4,0,0,0,0,0,13790,134,24,75,37,31,1,2747,2586,0,2586,509074,49.815273,6.129583,100,0.00982175479399851,10.4,0,0,1,5.39607208382278,27.0883997218479,1.28770208191439,17,0
Macao,mo,446,46,0,0,0,0,0,0,0,0,0,0,0,0,0,0,0,0,0,0,0,0,0,1806,26,9,20,25,28,0,445,28,0,0,578025,22.198745,113.543873,100,0,9.2,0,0,0,0.769862895203495,3.1244323342416,-0.179817875926021,66,0
Macedonia,mk,807,69,0,0,0,0,0,0,0,0,0,0,0,0,0,0,0,0,0,0,0,0,0,1497,11,0,17,26,29,0,548,25433,280,25713,2082370,41.608635,21.745275,100,0,13.8,0,0,0,0.26316168596359,0.71889241585309,-0.230021674389216,108,0
Madagascar,mg,450,82,0,0,0,0,0,0,0,0,0,0,0,0,0,0,0,0,0,0,0,0,0,3291,46,7,29,27,33,0,638,581540,5501,587041,22585517,-18.766947,46.869107,100,0,16.4,0,0,0,0.0282481910863497,0.145712847751061,-0.2532967632246,177,0
Malawi,mw,454,0,0,0,0,0,0,0,0,0,0,0,0,0,0,0,0,0,0,0,0,0,0,5986,21,3,11,13,26,0,646,94080,24404,118484,16323044,-13.254308,34.301525,100,0,0,0,0,0,0.039575951642353,0.366720815063661,-0.252174391467432,169,0
Malaysia,my,458,49,0,0,0,0,0,0,0,0,0,0,0,0,0,0,0,0,0,0,0,0,0,48952,439,77,182,186,163,1,14564,328657,1190,329847,29179952,4.210484,101.975766,100,0,9.8,0,0,1,0.499109799769376,1.6775901481949,-0.206644028585447,85,1
Maldives,mv,462,0,0,0,0,0,0,0,0,0,0,0,0,0,0,0,0,0,0,0,0,0,0,269,12,0,0,0,1,0,42,298,0,298,394451,1.977247,73.5361034,100,0,0,0,0,0,0.106477103619968,0.681960496994557,-0.24554584639886,140,0
Mali,ml,466,0,0,0,0,0,0,0,0,0,0,0,0,0,0,0,0,0,0,0,0,0,0,1333,12,2,5,10,20,0,50,1220190,20002,1240192,14533511,17.570692,-3.996166,100,0,0,0,0,0,0.00344032491529404,0.0917190622417391,-0.255754710983805,213,0
Malta,mt,470,53,0,0,0,0,0,0,0,0,0,0,0,0,0,0,0,0,0,0,0,0,0,1473,16,5,7,8,1,0,709,316,0,316,409836,35.937496,14.375416,100,0,10.6,0,0,0,1.72996027679364,3.59412057505929,-0.0846922330025855,49,0
Marshall Islands,mh,584,0,0,0,0,0,0,0,0,0,0,0,0,0,0,0,0,0,0,0,0,0,0,0,0,0,0,0,0,0,0,181,0,181,68480,7.131474,171.184478,100,0,0,0,0,0,0,0,-0.256095586666081,238,0
Martinique,mq,474,53,0,0,0,0,0,0,0,0,0,0,0,0,0,0,0,0,0,0,0,0,0,187,2,0,1,2,1,0,37,1128,0,0,397730,14.641528,-61.024174,100,0,10.6,0,0,0,0.0930279335227416,0.470168204560883,-0.246878404360431,144,0
Mauritania,mr,478,0,0,0,0,0,0,0,0,0,0,0,0,0,0,0,0,0,0,0,0,0,0,159,2,0,0,0,1,0,72,1030700,0,1030700,3359185,21.00789,-10.940835,100,0,0,0,0,0,0.0214337703937116,0.0473329096194464,-0.253971942107139,183,0
Mauritius,mu,480,61,0,0,0,0,0,0,0,0,0,0,0,0,0,0,0,0,0,0,0,0,0,2588,16,0,5,20,40,0,990,2030,10,2040,1313095,-20.348404,57.552152,100,0,12.2,0,0,0,0.753943926372425,1.97091604187054,-0.181395256223743,67,0
Mayotte,yt,175,0,0,0,0,0,0,0,0,0,0,0,0,0,0,0,0,0,0,0,0,0,0,8,0,0,0,0,0,0,1,374,0,0,231139,-12.8275,45.166244,100,0,0,0,0,0,0.00432640099680279,0.0346112079744223,-0.255666926452022,209,0
Mexico,mx,484,48,8,0,13,0,2,4,1,0,1,3,2,3,2,1,3,15,0,0,0,1,0,231109,1899,265,1062,690,689,0,29861,1943945,20430,1964375,114975406,23.634501,-102.552784,100,0.000139160195703071,13.8,3.47900489257677e-05,8.69751223144191e-06,0,0.259716412743087,2.01007335429631,-0.209244939966168,90,1
Micronesia,fm,583,0,0,0,0,0,0,0,0,0,0,0,0,0,0,0,0,0,0,0,0,0,0,332,6,3,8,1,2,0,17,702,0,702,106487,6.8873508,158.2150717,100,0,0,0,0,0,0.15964390019439,3.11775146261985,-0.240277825671969,129,0
Moldova,md,498,60,0,0,0,0,0,0,0,0,0,0,0,0,0,0,0,0,0,0,0,0,0,1854,37,12,24,0,2,0,1208,32891,960,33851,3656843,47.411631,28.369885,100,0,12,0,0,0,0.330339585265214,0.506994694604061,-0.223365774880542,101,0
Monaco,mc,492,0,0,0,0,0,0,0,0,0,0,0,0,0,0,0,0,0,0,0,0,0,0,168,3,0,1,1,1,0,109,2,0,2,30510,43.7384176,7.4246158,100,0,0,0,0,0,3.57259914782039,5.50639134709931,0.0978750056081635,35,0
Mongolia,mn,496,55,0,0,0,0,0,0,0,0,0,0,0,0,0,0,0,0,0,0,0,0,0,6639,20,0,26,53,98,0,339,1553556,10560,1564116,3179997,46.862496,103.846656,100,0,11,0,0,0,0.106603874154598,2.08773781862058,-0.245533111583456,139,0
Montenegro,me,499,50,0,0,0,0,0,0,0,0,0,0,0,0,0,0,0,0,0,0,0,0,0,885,11,2,3,1,1,1,819,13452,360,13812,657394,42.708678,19.37439,100,0,10,0,0,1,1.24582822477844,1.34622463849685,-0.132659880107941,58,0
Montserrat,ms,500,0,0,0,0,0,0,0,0,0,0,0,0,0,0,0,0,0,0,0,0,0,0,0,0,0,0,0,0,0,2,102,0,102,5164,16.742498,-62.187366,100,0,0,0,0,0,0.387296669248644,0,-0.217722581187938,97,0
Morocco,ma,504,72,14,0,50,0,0,0,0,0,0,0,0,0,0,0,0,0,0,0,0,0,0,22798,69,14,45,81,166,0,1859,446300,250,446550,32309239,31.791702,-7.09262,100,0,27.2,0,0,0,0.0575377216405499,0.705618600301914,-0.250394713390234,155,0
Mozambique,mz,508,58,0,0,0,0,0,0,0,0,0,0,0,0,0,0,0,0,0,0,0,0,0,1248,33,2,14,20,58,0,381,786380,13000,799380,23515934,-18.665695,35.529562,100,0,11.6,0,0,0,0.0162017804608569,0.0530703989898934,-0.254490322249433,192,0
Myanmar,mm,104,70,0,0,0,0,0,0,0,0,0,0,0,0,0,0,0,0,0,0,0,0,0,8384,11,7,3,10,13,0,246,653508,23070,676578,54584650,21.913965,95.956223,100,0,14,0,0,0,0.00450676151628709,0.153596294929069,-0.255649041723943,207,0
NETHERLANDS ANTILLES,an,530,0,0,0,0,0,0,0,0,0,0,0,0,0,0,0,0,0,0,0,0,0,0,0,0,0,0,0,0,0,4,0,0,0,227049,12.2018902,-68.2623822,100,0,0,0,0,0,0.0176173425119688,0,-0.254350076223057,190,0
Namibia,0,516,0,0,0,0,0,0,0,0,0,0,0,0,0,0,0,0,0,0,0,0,0,0,1011,10,0,7,3,3,0,207,823290,1002,824292,2165828,-22.95764,18.49041,100,0,0,0,0,0,0.0955754565921209,0.466796070602098,-0.246625998485716,143,0
Nauru,nr,520,0,0,0,0,0,0,0,0,0,0,0,0,0,0,0,0,0,0,0,0,0,0,0,0,0,0,0,0,0,0,21,0,21,9378,-0.522778,166.931503,100,0,0,0,0,0,0,0,-0.256095586666081,238,0
Nepal,np,524,84,0,0,0,0,0,0,0,0,0,0,0,0,0,0,0,0,0,0,0,0,0,5567,93,19,41,27,39,0,1881,143351,3830,147181,29890686,28.394857,84.124008,100,0,16.8,0,0,0,0.0629293017898619,0.18624530731747,-0.249860584952621,154,0
Netherlands,nl,528,56,40,0,8,0,1,307,3,2,12,17,4,6,3,11,3,58,0,1,0,5,0,646122,6974,1065,2547,1475,1625,18,78352,33893,7650,41543,16730632,52.132633,5.291266,100,0.0036460069171326,20.8,0.0183495757960608,0.00035862363119337,18,4.68314645854383,38.6191029723205,1.07203716397974,21,23
New Caledonia,nc,540,0,0,0,0,0,0,0,0,0,0,0,0,0,0,0,0,0,0,0,0,0,0,429,13,1,1,1,1,0,453,18275,300,18575,260166,-20.904305,165.618042,100,0,0,0,0,0,1.74119600562718,1.64894721062706,-0.0835792485626421,48,0
New Zealand,nz,554,59,18,0,0,0,2,250,5,1,1,3,1,6,0,2,6,20,0,3,2,3,2,67250,1024,187,416,293,202,1,31718,267710,0,267710,4327944,-40.900557,174.885971,100,0.00577641485194818,15.4,0.0577641485194818,0.00231056594077927,1,7.32865305096369,15.5385559517406,3.47279090689434,2,8
Nicaragua,ni,558,46,0,0,0,0,0,0,0,0,0,0,0,0,0,0,0,0,0,0,0,0,0,4450,12,3,2,5,6,0,222,119990,10380,130370,5727707,12.865416,-85.207229,100,0,9.2,0,0,0,0.0387589658479388,0.776925216321296,-0.252255286764418,171,0
Niger,ne,562,0,0,0,0,0,0,0,0,0,0,0,0,0,0,0,0,0,0,0,0,0,0,1358,12,0,3,6,8,0,57,1267000,0,0,17078839,17.607789,8.081666,100,0,0,0,0,0,0.00333746339549193,0.0795136015978604,-0.255764903925741,216,0
Nigeria,ng,566,54,0,0,0,0,1,17,0,0,0,0,1,0,0,0,0,1,0,0,0,0,0,18568,91,18,37,26,33,0,1915,910768,13000,923768,170123740,9.081999,8.675277,100,5.8780743945554e-06,10.8,9.99272647074418e-05,0,0,0.0112565124655736,0.109144085358105,-0.253145685962496,176,0
Niue,nu,570,0,0,0,0,0,0,0,0,0,0,0,0,0,0,0,0,0,0,0,0,0,0,0,0,0,0,0,0,0,0,260,0,260,1269,-19.054445,-169.867233,100,0,0,0,0,0,0,0,-0.256095586666081,238,0
Norfolk Island,nf,574,0,0,0,0,0,0,0,0,0,0,0,0,0,0,0,0,0,0,0,0,0,0,0,0,0,0,0,0,0,0,36,0,36,2182,-29.0230638,167.939597,100,0,0,0,0,0,0,0,-0.256095586666081,238,0
Northern Mariana Islands,mp,580,0,0,0,0,0,0,0,0,0,0,0,0,0,0,0,0,0,0,0,0,0,0,94,2,5,0,1,0,0,77,464,0,464,44582,15.0979,145.6739,100,0,0,0,0,0,1.72715445695572,2.10847427212776,-0.0849704155266666,50,0
Norway,no,578,66,20,0,0,0,0,0,3,1,2,0,0,4,1,6,2,16,0,0,1,2,1,137480,1096,172,459,316,257,0,29672,304282,19520,323802,4707270,60.472024,8.468946,100,0.00403630979314974,17.2,0,0.000849749430136788,0,6.3034412727547,29.2058879138014,1.40758583988406,16,10
Oman,om,512,44,0,0,0,0,0,0,0,0,0,0,0,0,0,0,0,0,0,0,0,0,0,781,13,1,1,8,2,0,329,309500,0,309500,3090150,21.512583,55.923255,100,0,8.8,0,0,0,0.106467323592706,0.252738540200314,-0.245546868676243,141,0
Pakistan,pk,586,74,0,0,100,40,0,0,0,0,0,0,0,0,0,0,0,0,0,0,0,0,0,15461,131,35,40,88,43,0,7749,770875,25220,796095,190291129,30.375321,69.345116,100,0,42.8,0,0,0,0.0407218142050122,0.0812491894984763,-0.252060895872599,168,0
Palau,pw,585,0,0,0,0,0,0,0,0,0,0,0,0,0,0,0,0,0,0,0,0,0,0,154,5,0,0,0,0,0,9,459,0,459,21032,7.51498,134.58252,100,0,0,0,0,0,0.427919360973754,7.32217573221757,-0.213696812514642,93,0
Palestinian Territory,ps,275,44,0,0,0,0,0,0,0,0,0,0,0,0,0,0,0,0,0,0,0,0,0,1225,5,1,2,7,3,0,382,5640,220,5860,4199083,0,0,100,0,8.8,0,0,0,0.0909722432254852,0.291730361128846,-0.24708210245548,145,0
Panama,pa,591,49,0,0,0,0,0,0,0,0,0,0,0,0,0,0,0,0,0,0,0,0,0,4231,54,3,5,19,19,0,614,74340,1080,75420,3510045,8.537981,-80.782127,100,0,9.8,0,0,0,0.174926532280925,1.20539765159706,-0.23876387362532,124,0
Papua New Guinea,pg,598,0,0,0,0,0,0,0,0,0,0,0,0,0,0,0,0,0,0,0,0,0,0,20,0,0,0,0,0,0,25,452860,9980,462840,6310129,-6.314993,143.95555,100,0,0,0,0,0,0.00396188413897719,0.00316950731118175,-0.25570304635727,210,0
Paraguay,py,600,42,0,0,0,0,0,0,0,0,0,0,0,0,0,0,0,0,0,0,0,0,0,1825,15,6,9,8,9,0,449,397302,9450,406752,6541591,-23.442503,-58.443832,100,0,8.4,0,0,0,0.068637736599552,0.278984118695284,-0.249294986856394,152,0
Peru,pe,604,47,8,0,0,0,0,0,0,2,0,0,0,0,0,0,0,2,0,0,0,0,0,40871,365,107,252,235,227,0,6461,1279996,5220,1285216,29549517,-9.189967,-75.015152,100,6.76830013837451e-05,11,0,0,0,0.218649935970189,1.38313597477752,-0.22747754728187,103,0
Philippines,ph,608,70,5,0,51,0,1,52,0,0,0,0,0,2,0,0,1,3,0,0,0,0,0,20392,192,54,75,76,60,1,10823,298170,1830,300000,103775002,12.879721,121.774017,100,2.89086961424486e-05,25.2,0.00050108406646911,0,1,0.104292939449907,0.196502043912271,-0.23662096272972,120,0
Pitcairn,pn,612,0,0,0,0,0,0,0,0,0,0,0,0,0,0,0,0,0,0,0,0,0,0,0,0,0,0,0,0,0,0,47,0,47,48,-24.3729738,-128.3246469,100,0,0,0,0,0,0,0,-0.256095586666081,238,0
Poland,pl,616,47,5,0,11,0,0,0,1,3,3,4,3,2,1,11,1,28,0,0,0,1,0,283630,2397,361,811,874,758,2,37267,304255,8430,312685,38415284,51.919438,19.145136,100,0.000754907864276104,12.6,0,2.60313056646933e-05,2,0.970108668206123,7.38325922567695,-0.0632840899959184,45,13
Portugal,pt,620,58,7,0,0,0,0,0,4,9,4,4,2,1,0,5,0,25,0,0,0,0,0,126471,1063,247,560,1031,890,0,22774,91470,620,92090,10781459,39.399872,-8.224454,100,0.00268980292926959,13,0,0,0,2.11233006590295,11.730416078195,0.229562950062762,29,0
Puerto Rico,pr,630,54,0,0,0,0,0,0,0,0,0,0,0,0,0,0,0,0,0,0,0,0,0,14395,340,14,135,187,255,0,1980,8870,4921,13790,3998905,18.220833,-66.590149,100,0,10.8,0,0,0,0.495135543354993,3.5997354275733,-0.207037555730946,86,0
Qatar,qa,634,48,0,0,0,0,0,0,0,0,0,0,0,0,0,0,0,0,0,0,0,0,0,4373,58,5,38,21,30,0,1226,11586,0,11586,1951591,25.354826,51.183884,100,0,9.6,0,0,0,0.628205397544875,2.24073589189538,-0.193853283019634,76,1
Reunion,re,638,62,0,0,0,0,0,0,0,0,0,0,0,0,0,0,0,0,0,0,0,0,0,2897,15,2,8,25,26,0,553,2512,0,0,827000,-21.115141,55.536384,100,0,12.4,0,0,0,0.668681983071342,3.50302297460701,-0.189842742655871,74,0
Romania,ro,642,45,0,0,22,0,0,0,0,1,0,0,0,0,0,0,0,1,0,0,0,2,0,46053,415,82,161,161,164,0,9994,229891,8500,238391,21848504,45.943161,24.96676,100,4.57697240964416e-05,13.4,0,9.15394481928831e-05,0,0.457422622619837,2.10783310381342,-0.138805859061873,60,0
Russian Federation,ru,643,44,2,0,14,0,0,0,0,0,0,0,0,0,0,3,0,3,0,0,0,0,0,281742,2542,518,1202,612,321,1,32625,16377742,720500,17098242,138082178,61.52401,105.318756,100,2.1726192644499e-05,12,0,0,1,0.236272345008926,2.04039365601548,-0.230453379829915,110,3
Rwanda,rw,646,0,0,0,0,0,0,0,0,0,0,0,0,0,0,0,0,0,0,0,0,0,0,6013,62,0,1,34,56,0,153,24668,1670,26338,11689696,-1.940278,29.873888,100,0,0,0,0,0,0.0130884498621692,0.514384634125644,-0.254798730978775,198,0
SAINT MARTIN,mf,663,0,0,0,0,0,0,0,0,0,0,0,0,0,0,0,0,0,0,0,0,0,0,0,0,0,0,0,0,0,1,54,0,0,30959,18.08255,-63.052251,100,0,0,0,0,0,0.0323007849090733,0,-0.252895253963327,174,0
SINT MAARTEN,sx,534,0,0,0,0,0,0,0,0,0,0,0,0,0,0,0,0,0,0,0,0,0,0,0,0,0,0,0,0,0,8,34,0,34,37429,18.0273043,-63.0500809,100,0,0,0,0,0,0.213738010633466,0,-0.234918616905827,115,0
Saint Barthelemy,bl,652,0,0,0,0,0,0,0,0,0,0,0,0,0,0,0,0,0,0,0,0,0,0,0,0,0,0,0,0,0,4,21,0,0,7332,17.9,-62.833333,100,0,0,0,0,0,0.545553737043099,0,-0.202042613319345,83,0
Saint Helena,sh,654,82,0,0,0,0,0,0,0,0,0,0,0,0,0,0,0,0,0,0,0,0,0,0,0,0,0,0,0,0,0,308,0,0,7728,38.5052429,-122.4703868,100,0,16.4,0,0,0,0,0,-0.256095586666081,238,0
Saint Kitts And Nevis,kn,659,0,0,0,0,0,0,0,0,0,0,0,0,0,0,0,0,0,0,0,0,0,0,1,0,0,0,0,0,0,163,261,0,261,50726,17.357822,-62.782998,100,0,0,0,0,0,3.21334227023617,0.0197137562591176,0.0622794763725673,37,0
Saint Lucia,lc,662,0,0,0,0,0,0,0,0,0,0,0,0,0,0,0,0,0,0,0,0,0,0,170,1,1,3,4,2,0,301,606,10,616,162178,13.909444,-60.978893,100,0,0,0,0,0,1.85598539875939,1.04823095610995,-0.0722060933543357,46,0
Saint Pierre And Miquelon,pm,666,0,0,0,0,0,0,0,0,0,0,0,0,0,0,0,0,0,0,0,0,0,0,0,0,0,0,0,0,0,0,242,0,242,5831,46.8852,-56.3159,100,0,0,0,0,0,0,0,-0.256095586666081,238,0
Saint Vincent And The Grenadines,vc,670,0,0,0,0,0,0,0,0,0,0,0,0,0,0,0,0,0,0,0,0,0,0,59,1,0,0,0,0,0,16,389,0,389,103537,13.253351,-61.196251,100,0,0,0,0,0,0.154534127896308,0.569844596617634,-0.240784413595341,130,0
Samoa,ws,882,0,0,0,0,0,0,0,0,0,0,0,0,0,0,0,0,0,0,0,0,0,0,19,0,0,0,0,0,0,11,2821,10,2831,194320,-13.759029,-172.104629,100,0,0,0,0,0,0.0566076574722108,0.0977768629065459,-0.250486938764999,156,0
San Marino,sm,674,0,0,0,0,0,0,0,0,0,0,0,0,0,0,0,0,0,0,0,0,0,0,0,0,0,0,0,0,0,13,61,0,61,32140,43.94236,12.457777,100,0,0,0,0,0,0.404480398257623,0,-0.2160200327806,96,0
Sao Tome And Principe,st,678,0,0,0,0,0,0,0,0,0,0,0,0,0,0,0,0,0,0,0,0,0,0,5,0,0,0,0,0,0,2,964,0,964,183176,0.18636,6.613081,100,0,0,0,0,0,0.0109184609337468,0.0272961523343669,-0.255013791993418,201,0
Saudi Arabia,sa,682,45,0,0,0,0,0,0,0,0,0,0,1,1,0,0,0,2,0,0,0,0,0,23743,137,21,39,49,50,0,3486,2149690,0,2149690,26534504,23.885942,45.079162,100,7.53735588952407e-05,9,0,0,0,0.131376113154405,0.89479720442485,-0.235334437628157,116,0
Senegal,sn,686,92,0,0,0,0,1,45,0,0,0,0,0,0,0,0,0,0,0,0,0,0,0,23454,63,20,31,34,45,1,1736,192530,4192,196722,12969606,14.497401,-14.452362,100,0,18.4,0.00346965050441779,0,1,0.133851406125984,1.80838184290255,-0.200103247862237,81,0
Serbia,rs,688,42,0,0,0,0,0,0,0,0,0,0,0,0,0,1,1,2,0,0,0,0,0,17811,168,32,73,65,41,0,3977,77474,0,77474,7276604,44.016521,21.005859,100,0.000274853489347503,8.4,0,0,0,0.54654616356751,2.44770774938419,-0.173703595292238,62,0
Seychelles,sc,690,0,0,0,0,0,0,0,0,0,0,0,0,0,0,0,0,0,0,0,0,0,0,2522,20,5,15,19,31,0,161,455,0,455,90024,-4.679574,55.491977,100,0,0,0,0,0,1.78841197902781,28.0147516217897,-0.0788978595101597,47,0
Sierra Leone,sl,694,0,0,0,0,0,0,0,0,0,0,0,0,0,0,0,0,0,0,0,0,0,0,13,1,0,0,0,0,0,17,71620,120,71740,5485998,8.460555,-11.779889,100,0,0,0,0,0,0.00309879806737079,0.00236966911034237,-0.255788560247879,217,0
Singapore,sg,702,59,8,0,0,0,1,563,1,0,0,0,0,0,0,1,2,3,0,0,0,1,0,140813,1397,346,395,432,223,3,38755,687,10,697,5353494,1.352083,103.819836,100,0.000747175582899691,13.4,0.105164963293132,0.000186793895724923,3,7.23919742881938,26.3030088387136,1.970344028013,8,2
Slovakia,sk,703,42,0,0,0,0,0,0,0,0,0,1,0,0,0,0,0,1,0,0,0,1,0,46390,284,47,59,73,77,0,5038,48105,930,49035,5483088,48.669026,19.699024,100,0.000182378980603631,8.4,0,0.000182378980603631,0,0.918825304281091,8.46056091020243,-0.0123020874343278,42,0
Slovenia,si,705,52,0,0,0,0,0,0,2,2,0,2,0,5,1,3,2,15,0,0,0,2,0,27041,315,32,118,126,133,2,6948,20151,122,20273,1996617,46.151241,14.995463,100,0.00851440211117105,10.4,0,0.00100169436602012,2,3.47988622755391,13.5434086757751,1.69959275907714,12,4
Solomon Islands,sb,90,0,0,0,0,0,0,0,0,0,0,0,0,0,0,0,0,0,0,0,0,0,0,466,2,0,1,0,3,0,28,27986,910,28896,584578,-9.64571,160.156194,100,0,0,0,0,0,0.0478977997803544,0.797156239201612,-0.251349816810664,162,0
Somalia,so,706,0,0,0,0,0,0,0,0,0,0,0,0,0,0,0,0,0,0,0,0,0,0,48,1,0,0,0,0,0,34,627337,10320,637657,10085638,5.152149,46.199616,100,0,0,0,0,0,0.00337113031421512,0.004759242796539,-0.255761577517294,215,0
South Africa,za,710,54,9,0,0,51,0,0,1,1,0,2,1,3,3,1,0,11,0,0,0,0,0,122446,814,148,332,262,169,0,20861,1214470,4620,1219090,48810427,-30.559482,22.937506,100,0.000245849109248727,22.8,0,0,0,0.427388189003141,2.50860333592247,-0.188489767145823,72,1
South Georgia And The South Sandwich Islands,gs,239,0,0,0,0,0,0,0,0,0,0,0,0,0,0,0,0,0,0,0,0,0,0,0,0,0,0,0,0,0,0,3903,0,0,30,-54.429579,-36.587909,100,0,0,0,0,0,0,0,-0.256095586666081,238,0
South Sudan,ss,728,0,0,0,0,0,0,0,0,0,0,0,0,0,0,0,0,0,0,0,0,0,0,0,0,0,0,0,0,0,5,644329,0,0,10625176,7.9630921,30.1589303,100,0,0,0,0,0,0.000470580440267531,0,-0.256048961979514,225,0
Spain,es,724,81,19,0,8,0,1,72,4,7,5,11,6,14,2,66,6,117,0,2,0,8,0,738454,5258,1239,4331,3324,4091,5,85988,498980,6390,505370,47042984,40.463667,-3.74922,100,0.00257211574843977,21.6,0.00153051515609639,0.000212571549457832,5,1.82786023947801,15.6974310983334,0.36433887343006,26,12
Sri Lanka,lk,144,70,0,0,0,0,0,0,0,0,0,0,0,0,0,0,0,0,0,0,0,0,0,14094,120,9,131,182,394,0,2657,64630,980,65610,21481334,7.873054,80.771797,100,0,14,0,0,0,0.123688780221936,0.656104504496788,-0.243840532178768,135,0
Sudan,sd,736,47,0,0,0,0,0,0,0,0,0,0,0,0,0,0,0,0,0,0,0,0,0,1394,32,3,1,2,4,0,324,1886068,0,1886068,37200000,12.862807,30.217636,100,0,9.4,0,0,0,0.00870967741935484,0.0374731182795699,-0.25523263501313,203,0
Suriname,sr,740,0,0,0,0,0,0,0,0,0,0,0,0,0,0,0,0,0,0,0,0,0,0,135,2,0,0,3,1,0,86,156000,7820,163820,560157,3.919305,-56.027783,100,0,0,0,0,0,0.15352838579184,0.241003861417424,-0.240884102438379,131,0
Svalbard And Jan Mayen,sj,744,0,0,0,0,0,0,0,0,0,0,0,0,0,0,0,0,0,0,0,0,0,0,0,0,0,0,0,0,0,10,62045,0,62045,2067,77.553604,23.670272,100,0,0,0,0,0,4.83792936623125,0,0.223242101503085,30,0
Swaziland,sz,748,0,0,0,0,0,0,0,0,0,0,0,0,0,0,0,0,0,0,0,0,0,0,629,7,0,1,3,1,0,33,17204,160,17364,1386914,-26.522503,31.465866,100,0,0,0,0,0,0.0237938329269154,0.453524876091812,-0.253738058812788,179,0
Sweden,se,752,55,15,0,0,0,1,337,4,4,1,3,2,6,2,2,3,23,1,1,2,2,0,160698,2115,382,875,532,352,4,48337,410335,39960,450295,9103788,60.128161,18.643501,100,0.00296579841270469,14,0.0370175579659808,0.000659066313934375,4,5.30954806944098,17.6517730861044,1.51488634037186,14,26
Switzerland,ch,756,89,100,0,0,0,2,51,4,14,16,13,3,9,3,6,5,69,1,3,1,13,1,341078,4331,526,1293,866,716,7,82498,39997,1280,41277,7655628,46.818188,8.227512,100,0.00953546854679982,37.8,0.00666176569707932,0.00248183427930406,7,10.7761244407382,44.5525827534985,3.69710349370963,1,24
Syrian Arab Republic,sy,760,38,0,0,0,0,0,0,0,0,0,0,0,0,0,0,0,0,0,0,0,0,0,514,5,9,2,3,2,0,192,183630,1550,185180,22530746,34.802075,38.996815,100,0,7.6,0,0,0,0.00852168854062799,0.0228132703639729,-0.255251262601858,204,0
Taiwan,tw,158,52,0,0,0,0,1,696,1,1,5,6,1,2,0,1,0,16,0,0,0,3,0,329786,2004,287,998,1404,1188,1,29583,32260,3720,35980,23113901,23.69781,120.960515,100,0.000735488137636308,10.4,0.0301117496349924,0.00012979202428876,1,1.27987915151146,14.267864174031,0.412498636873793,25,0
Tajikistan,tj,762,0,0,0,0,0,0,0,0,0,0,0,0,0,0,0,0,0,0,0,0,0,0,187,2,0,0,0,0,0,34,141510,2590,143100,7768385,38.861034,71.276093,100,0,0,0,0,0,0.00437671407892374,0.0240719274340806,-0.255661942785404,208,0
Tanzania,tz,834,52,0,0,0,0,0,0,0,0,0,0,0,0,0,0,0,0,0,0,0,0,0,4082,40,9,23,11,22,0,697,885800,61500,947300,43601796,-6.369028,34.888822,100,0,10.4,0,0,0,0.0159855800435377,0.0936199967542621,-0.254511738158644,194,0
Thailand,th,764,41,2,0,15,0,1,5,0,3,1,2,1,0,0,0,0,7,0,0,0,0,0,46693,606,59,177,253,439,0,10911,510890,2230,513120,67091089,15.870032,100.992541,100,0.000104335763576591,11.6,7.45255454118504e-05,0,0,0.16262964519774,0.695964258383107,-0.228344295232942,105,0
Timor-Leste,tl,626,0,0,0,0,0,0,0,0,0,0,0,0,0,0,0,0,0,0,0,0,0,0,14,1,0,0,0,0,0,83,14874,0,14874,1201255,-8.874217,125.727539,100,0,0,0,0,0,0.0690944054343166,0.0116544780250655,-0.249249773703907,151,0
Togo,tg,768,0,0,0,0,0,0,0,0,0,0,0,0,0,0,0,0,0,0,0,0,0,0,876,9,8,8,12,4,0,537,54385,2400,56785,6961049,8.619543,0.824782,100,0,0,0,0,0,0.07714354546276,0.125843102095676,-0.248452257978249,147,0
Tokelau,0,772,0,0,0,0,0,0,0,0,0,0,0,0,0,0,0,0,0,0,0,0,0,0,1011,10,0,7,3,3,0,0,12,0,12,1368,-9.2002,-171.8484,100,0,0,0,0,0,0,739.035087719298,-0.256003847207884,223,0
Tonga,to,776,0,0,0,0,0,0,0,0,0,0,0,0,0,0,0,0,0,0,0,0,0,0,1,0,0,0,0,0,0,2,717,30,747,106146,-21.178986,-175.198242,100,0,0,0,0,0,0.0188419723776685,0.00942098618883425,-0.254228739828487,188,0
Trinidad And Tobago,tt,780,55,0,0,0,0,0,0,0,0,0,0,0,0,0,0,0,0,0,0,0,0,0,17266,31,15,9,23,11,0,852,5128,0,5128,1226383,10.691803,-61.222503,100,0,11,0,0,0,0.694725872749378,14.078799200576,-0.187261024687804,69,0
Tunisia,tn,788,77,0,0,0,0,0,0,0,0,0,0,1,0,0,0,0,1,0,0,0,0,0,19446,184,30,82,107,189,0,3979,155360,8250,163610,10732900,33.886917,9.537499,100,9.31714634441763e-05,15.4,0,0,0,0.370729253044378,1.81181227813545,-0.209790747873889,91,0
Turkey,tr,792,48,1,0,12,0,0,0,1,2,0,1,0,1,0,3,0,7,0,0,0,0,0,50396,457,77,157,274,275,0,13484,769632,13930,783562,79749461,38.963745,35.243322,100,0.000100314157609166,12.2,0,0,0,0.169079512650249,0.631929035858938,-0.229036278399443,107,0
Turkmenistan,tm,795,0,0,0,0,0,0,0,0,0,0,0,0,0,0,0,0,0,0,0,0,0,0,0,0,0,0,0,0,0,3,469930,18170,488100,5054828,38.969719,59.556278,100,0,0,0,0,0,0.00059349200408006,0,-0.256036784012374,224,0
Turks And Caicos Islands,tc,796,0,0,0,0,0,0,0,0,0,0,0,0,0,0,0,0,0,0,0,0,0,0,20,0,0,0,0,0,0,22,948,0,948,46335,21.694025,-71.797928,100,0,0,0,0,0,0.474803064637963,0.431639149670875,-0.20905247269473,89,0
Tuvalu,tv,798,0,0,0,0,0,0,0,0,0,0,0,0,0,0,0,0,0,0,0,0,0,0,0,0,0,0,0,0,0,0,26,0,26,10619,-7.4784418,178.6799214,100,0,0,0,0,0,0,0,-0.256095586666081,238,0
Uganda,ug,800,55,0,0,0,0,0,0,0,0,0,0,0,0,0,0,0,0,0,0,0,0,0,5795,73,7,18,24,22,0,764,197100,43938,241038,35873253,1.373333,32.290275,100,0,11,0,0,0,0.0212972043544532,0.161540967583843,-0.253985458770304,185,0
Ukraine,ua,804,40,0,0,0,0,0,0,0,0,1,0,0,0,0,0,0,1,0,0,0,0,0,63244,465,107,227,159,130,1,8621,579330,24220,603550,44854065,48.379433,31.16558,100,2.22945233614835e-05,8,0,0,1,0.192201085899349,1.40999483547366,-0.234761604473625,114,0
United Arab Emirates,ae,784,46,0,0,0,0,0,0,0,0,0,0,0,0,0,0,0,0,0,0,0,0,0,34766,138,25,32,43,51,0,3655,83600,0,83600,5314317,23.424076,53.847818,100,0,9.2,0,0,0,0.687764768266552,6.54195073421476,-0.187951660235904,70,0
United Kingdom,gb,826,62,12,53,15,50,13,3330,17,25,26,33,14,163,17,31,7,316,5,3,3,20,1,875720,13615,2535,3816,2924,1877,58,288807,241930,1680,243610,63047162,55.378051,-3.435973,100,0.00528176034315391,38.4,0.0528176034315391,0.000507556549492267,58,4.58080888716291,13.8899194225428,1.76389205997635,10,33
United States,us,840,77,14,100,16,51,73,26914,28,57,41,58,362,56,397,58,490,1519,11,27,15,104,6,8033888,105774,20944,41951,26741,15713,348,1619474,9161966,664709,9826675,313847465,37.09024,-95.712891,100,0.00492914607419244,51.6,0.0857550338983939,0.0005193605753674,348,5.16006716829782,25.5980656080813,2.19936836875432,6,115
United States Minor Outlying Islands,us,581,0,0,0,0,0,0,0,0,0,0,0,0,0,0,0,0,0,0,0,0,0,0,8033888,105774,20944,41951,26741,15713,0,0,34,0,0,316,19.2823192,166.647047,100,0,0,0,0,0,0,25423696.2025316,2.8998521534866,5,0
Uruguay,uy,858,45,0,0,0,0,0,0,0,0,0,0,0,0,0,0,0,0,0,0,0,0,0,57919,138,31,90,145,192,1,2260,175015,1200,176215,3316328,-32.522779,-55.765835,100,0,9,0,0,1,0.681476621130359,17.464798415597,-0.188573328297828,73,0
Uzbekistan,uz,860,56,0,0,0,0,0,0,0,0,0,0,0,0,0,0,0,0,0,0,0,0,0,333,3,3,8,5,3,0,142,425400,22000,447400,28394180,41.377491,64.585262,100,0,11.2,0,0,0,0.00500102485791102,0.0117277554766505,-0.255600088167544,206,0
Vanuatu,vu,548,0,0,0,0,0,0,0,0,0,0,0,0,0,0,0,0,0,0,0,0,0,0,11,0,0,0,0,0,0,4,12189,0,12189,227574,-15.376706,166.959158,100,0,0,0,0,0,0.0175767003260478,0.0483359258966314,-0.254354097014129,191,0
Venezuela,ve,862,41,6,0,0,0,0,0,0,0,0,0,0,0,0,0,0,0,0,0,0,1,0,24602,222,27,155,73,101,0,2963,882050,30000,912050,28047938,6.42375,-66.58973,100,0,9.4,0,3.56532448125064e-05,0,0.105640564379456,0.877141128877281,-0.219429706921335,98,0
Viet Nam,vn,704,35,0,0,17,0,0,0,0,0,0,0,0,0,0,0,0,0,0,0,0,0,0,136031,363,122,148,147,143,0,7986,310070,21140,331210,91519289,14.058324,108.277199,100,0,10.4,0,0,0,0.0872602932918327,1.4863642570475,-0.247449730819881,146,0
Virgin Islands BR,vg,92,0,0,0,0,0,0,0,0,0,0,0,0,0,0,0,0,0,0,0,0,0,0,29,0,0,0,0,0,0,13,151,0,151,31148,39.9553126,-74.2320285,100,0,0,0,0,0,0.417362270450751,0.931038911005522,-0.214743592901847,94,0
Virgin Islands US,vi,850,0,0,0,0,0,0,0,0,0,0,0,0,0,0,0,0,0,0,0,0,0,0,794,10,5,5,1,0,0,69,346,1564,1910,109574,37.42597,-122.0721763,100,0,0,0,0,0,0.629711427893478,7.24624454706408,-0.193703445533573,75,0
Wallis And Futuna,wf,876,0,0,0,0,0,0,0,0,0,0,0,0,0,0,0,0,0,0,0,0,0,0,0,0,0,0,0,0,0,0,142,0,142,15453,-14.2938,-178.1165,100,0,0,0,0,0,0,0,-0.256095586666081,238,0
Western Sahara,eh,732,0,0,0,0,0,0,0,0,0,0,0,0,0,0,0,0,0,0,0,0,0,0,0,0,0,0,0,0,0,0,266000,0,266000,522928,24.215527,-12.885834,100,0,0,0,0,0,0,0,-0.256095586666081,238,0
Yemen,ye,887,62,0,0,0,0,0,0,0,0,0,0,0,0,0,0,0,0,0,0,0,0,0,308,3,0,0,1,0,0,97,527968,0,527968,24771809,15.552727,48.516388,100,0,12.4,0,0,0,0.00391574147854927,0.0124334884061152,-0.255707616980568,211,0
Zambia,zm,894,0,0,0,0,0,0,0,0,0,0,0,0,0,0,0,0,0,0,0,0,0,0,1251,10,2,4,6,4,0,208,743398,9220,752618,14309466,-13.133897,27.849332,100,0,0,0,0,0,0.0145358324342781,0.0874246460350093,-0.25465537861626,195,0
Zimbabwe,zw,716,47,0,0,0,0,0,0,0,0,0,0,0,0,0,0,0,0,0,0,0,0,0,2501,11,17,18,15,17,0,700,386847,3910,390757,12619600,-19.015438,29.154857,100,0,9.4,0,0,0,0.0554692700244065,0.198183777615772,-0.250599716705021,158,0
